time,x,y,yaw,vel_x,yaw_vel
2.81E-05,,,,,
0.015093565,1.8251415,0.00229176,0.003778604,1.4990552,0.000357255
0.015494585,1.8251415,0.00229176,0.003778604,1.4990552,0.000357255
0.04899168,1.874124137,0.002485761,0.003788324,1.499127215,0.000266037
0.04990077,1.874124137,0.002485761,0.003788324,1.499127215,0.000266037
0.082678795,1.923169424,0.00268012,0.003795671,1.499198711,0.000219907
0.083554029,1.923169424,0.00268012,0.003795671,1.499198711,0.000219907
0.117661238,1.972277044,0.002874788,0.003802085,1.49926976,0.00020582
0.119689465,1.972277044,0.002874788,0.003802085,1.49926976,0.00020582
0.1527915,2.021446623,0.003069755,0.003808065,1.499340274,0.000191102
0.153890133,2.021446623,0.003069755,0.003808065,1.499340274,0.000191102
0.192567348,2.070677767,0.003264967,0.003813366,1.499410372,0.000168037
0.193264246,2.070677767,0.003264967,0.003813366,1.499410372,0.000168037
0.232757092,2.119970075,0.003460379,0.003817888,1.499480001,0.00014888
0.234364033,2.119970075,0.003460379,0.003817888,1.499480001,0.00014888
0.268825531,2.169323144,0.003655954,0.003821986,1.499548994,0.000143431
0.269704819,2.169323144,0.003655954,0.003821986,1.499548994,0.000143431
0.305151939,2.219756262,0.003833684,0.002816067,1.520601934,-0.070673757
0.308385134,2.219756262,0.003833684,0.002816067,1.520601934,-0.070673757
0.3426373,2.270539099,0.003892256,-0.000641484,1.514543448,-0.118869955
0.343526125,2.270539099,0.003892256,-0.000641484,1.514543448,-0.118869955
0.37968421,2.321250187,0.003752714,-0.005118261,1.516819028,-0.133710559
0.380754232,2.321250187,0.003752714,-0.005118261,1.516819028,-0.133710559
0.419534922,2.372217836,0.003421009,-0.00755542,1.518847081,0.009534951
0.42021656,2.372217836,0.003421009,-0.00755542,1.518847081,0.009534951
0.453730822,2.423250231,0.003099728,-0.005577085,1.511783978,0.069922079
0.454739571,2.423250231,0.003099728,-0.005577085,1.511783978,0.069922079
0.492497921,2.474260165,0.002855454,-0.004775956,1.510924415,-0.020775349
0.493434429,2.474260165,0.002855454,-0.004775956,1.510924415,-0.020775349
0.530218601,2.525273691,0.002571482,-0.006100957,1.510214497,-0.031596576
0.531273127,2.525273691,0.002571482,-0.006100957,1.510214497,-0.031596576
0.570808172,2.576286651,0.002241653,-0.006229782,1.509225942,0.021703515
0.579242229,2.576286651,0.002241653,-0.006229782,1.509225942,0.021703515
0.613428831,2.627299677,0.001934537,-0.005462929,1.508221547,0.013745136
0.614292383,2.627299677,0.001934537,-0.005462929,1.508221547,0.013745136
0.650789499,2.678314833,0.001637545,-0.00558096,1.507384484,-0.013349843
0.651393652,2.678314833,0.001637545,-0.00558096,1.507384484,-0.013349843
0.688654184,2.729331062,0.00132894,-0.005836298,1.506504959,0.000323731
0.689439535,2.729331062,0.00132894,-0.005836298,1.506504959,0.000323731
0.725865602,2.780348204,0.001030421,-0.005620418,1.505500039,0.006906713
0.72637248,2.780348204,0.001030421,-0.005620418,1.505500039,0.006906713
0.763119698,2.831365753,0.000748227,-0.005523012,1.504700343,-0.00290572
0.763699532,2.831365753,0.000748227,-0.005523012,1.504700343,-0.00290572
0.799543619,2.882384541,0.000468992,-0.005662589,1.503918809,-0.004079868
0.800214529,2.882384541,0.000468992,-0.005662589,1.503918809,-0.004079868
0.834507942,2.93340384,0.000190599,-0.00567805,1.50316165,0.00221216
0.835742474,2.93340384,0.000190599,-0.00567805,1.50316165,0.00221216
0.870153189,2.984423813,-8.37E-05,-0.005672537,1.502447347,-0.003154764
0.870907068,2.984423813,-8.37E-05,-0.005672537,1.502447347,-0.003154764
0.90649128,3.035444727,-0.00037057,-0.005803338,1.501750209,-0.002065378
0.907222033,3.035444727,-0.00037057,-0.005803338,1.501750209,-0.002065378
0.941714287,3.08646609,-0.000671006,-0.005789271,1.501050087,0.002623995
0.942250252,3.08646609,-0.000671006,-0.005789271,1.501050087,0.002623995
0.980043411,3.137488158,-0.000972039,-0.005714076,1.500413732,0.001811125
0.980646372,3.137488158,-0.000972039,-0.005714076,1.500413732,0.001811125
1.015466213,3.188507613,-0.001262848,-0.005661564,1.500328665,0.000758655
1.01602006,3.188507613,-0.001262848,-0.005661564,1.500328665,0.000758655
1.053248644,3.239527093,-0.001551567,-0.005675074,1.500339614,-0.001035095
1.054932594,3.239527093,-0.001551567,-0.005675074,1.500339614,-0.001035095
1.091394186,3.290546841,-0.001841845,-0.005700085,1.500345517,-0.000104386
1.091990232,3.290546841,-0.001841845,-0.005700085,1.500345517,-0.000104386
1.125260592,3.341566763,-0.002132527,-0.005685837,1.500351439,0.000665105
1.125832081,3.341566763,-0.002132527,-0.005685837,1.500351439,0.000665105
1.160874844,3.392586936,-0.002422488,-0.005674102,1.500360136,-2.32E-05
1.16152668,3.392586936,-0.002422488,-0.005674102,1.500360136,-2.32E-05
1.196793795,3.44360739,-0.002712604,-0.00568282,1.500367902,-0.000274124
1.197411537,3.44360739,-0.002712604,-0.00568282,1.500367902,-0.000274124
1.231569529,3.494627729,-0.003003285,-0.005688869,1.500602153,-2.86E-05
1.232280254,3.494627729,-0.003003285,-0.005688869,1.500602153,-2.86E-05
1.265427828,3.545646644,-0.003294191,-0.005684139,1.500566124,0.000221531
1.266331196,3.545646644,-0.003294191,-0.005684139,1.500566124,0.000221531
1.302392244,3.596664356,-0.003584908,-0.005679053,1.500531137,4.12E-05
1.303384304,3.596664356,-0.003584908,-0.005679053,1.500531137,4.12E-05
1.338502169,3.647680881,-0.003875659,-0.005680241,1.500496035,-5.84E-05
1.339570522,3.647680881,-0.003875659,-0.005680241,1.500496035,-5.84E-05
1.380598068,3.698696202,-0.004166584,-0.005680264,1.500460577,6.27E-05
1.382561684,3.698696202,-0.004166584,-0.005680264,1.500460577,6.27E-05
1.416848183,3.74971032,-0.004457519,-0.005677276,1.500425325,8.29E-05
1.417960882,3.74971032,-0.004457519,-0.005677276,1.500425325,8.29E-05
1.45194459,3.800723242,-0.004748417,-0.005675952,1.500390233,4.40E-06
1.452493191,3.800723242,-0.004748417,-0.005675952,1.500390233,4.40E-06
1.486723423,3.851734969,-0.005039378,-0.005676135,1.500354998,7.37E-06
1.487329483,3.851734969,-0.005039378,-0.005676135,1.500354998,7.37E-06
1.522387505,3.902745496,-0.005330396,-0.005675269,1.500319699,4.53E-05
1.523583174,3.902745496,-0.005330396,-0.005675269,1.500319699,4.53E-05
1.559587955,3.953754825,-0.005621409,-0.005674062,1.50028451,2.84E-05
1.560621023,3.953754825,-0.005621409,-0.005674062,1.50028451,2.84E-05
1.596528053,4.004762958,-0.005912431,-0.005673801,1.500249331,6.06E-06
1.597234011,4.004762958,-0.005912431,-0.005673801,1.500249331,6.06E-06
1.634246588,4.055769895,-0.006203484,-0.005673726,1.50021413,1.56E-05
1.635855436,4.055769895,-0.006203484,-0.005673726,1.50021413,1.56E-05
1.669471979,4.106775634,-0.006494551,-0.005673338,1.500178894,2.06E-05
1.670429468,4.106775634,-0.006494551,-0.005673338,1.500178894,2.06E-05
1.707639217,4.157780177,-0.006785614,-0.005673141,1.50014375,8.57E-06
1.708467722,4.157780177,-0.006785614,-0.005673141,1.50014375,8.57E-06
1.741972446,4.208783524,-0.007076682,-0.005673323,1.500108532,3.96E-06
1.742736101,4.208783524,-0.007076682,-0.005673323,1.500108532,3.96E-06
1.778712034,4.259785674,-0.007367755,-0.005673497,1.500073381,6.74E-06
1.779514074,4.259785674,-0.007367755,-0.005673497,1.500073381,6.74E-06
1.813127995,4.310786628,-0.007658821,-0.00567369,1.500038149,4.15E-06
1.814003706,4.310786628,-0.007658821,-0.00567369,1.500038149,4.15E-06
1.849950552,4.361786385,-0.007949877,-0.005674052,1.500003029,-1.55E-06
1.850740671,4.361786385,-0.007949877,-0.005674052,1.500003029,-1.55E-06
1.884822607,4.412784947,-0.008240922,-0.005674565,1.499967786,-2.75E-06
1.885911226,4.412784947,-0.008240922,-0.005674565,1.499967786,-2.75E-06
1.922408342,4.463782313,-0.008531951,-0.005675084,1.499932669,-3.60E-06
1.923770905,4.463782313,-0.008531951,-0.005675084,1.499932669,-3.60E-06
1.959964514,4.514778482,-0.008822959,-0.005675692,1.499897416,-6.40E-06
1.961232901,4.514778482,-0.008822959,-0.005675692,1.499897416,-6.40E-06
1.995971441,4.565773455,-0.009113943,-0.005676384,1.499862312,-9.10E-06
1.997955561,4.565773455,-0.009113943,-0.005676384,1.499862312,-9.10E-06
2.038104057,4.616767232,-0.009404898,-0.005677149,1.499827043,-1.01E-05
2.039755106,4.616767232,-0.009404898,-0.005677149,1.499827043,-1.01E-05
2.07556963,4.667759811,-0.00969582,-0.005677928,1.499791942,-1.17E-05
2.076889992,4.667759811,-0.00969582,-0.005677928,1.499791942,-1.17E-05
2.109736919,4.718751196,-0.009986705,-0.005678776,1.499756567,-1.36E-05
2.110957623,4.718751196,-0.009986705,-0.005678776,1.499756567,-1.36E-05
2.145833015,4.769741382,-0.010277549,-0.005679649,1.499721467,-1.50E-05
2.146637201,4.769741382,-0.010277549,-0.005679649,1.499721467,-1.50E-05
2.179572582,4.820730373,-0.010568347,-0.00568056,1.49968616,-1.60E-05
2.180207253,4.820730373,-0.010568347,-0.00568056,1.49968616,-1.60E-05
2.216881037,4.871718165,-0.010859095,-0.00568147,1.499651055,-1.73E-05
2.21851182,4.871718165,-0.010859095,-0.00568147,1.499651055,-1.73E-05
2.252156496,4.922704762,-0.011149789,-0.005682413,1.499615725,-1.84E-05
2.253094673,4.922704762,-0.011149789,-0.005682413,1.499615725,-1.84E-05
2.290322542,4.973690159,-0.011440425,-0.005683346,1.499580607,-1.92E-05
2.291219473,4.973690159,-0.011440425,-0.005683346,1.499580607,-1.92E-05
2.3268435,5.02467436,-0.011730997,-0.00568429,1.499545247,-2.00E-05
2.327789545,5.02467436,-0.011730997,-0.00568429,1.499545247,-2.00E-05
2.364859343,5.075657361,-0.012021501,-0.005685212,1.49951011,-2.06E-05
2.365773439,5.075657361,-0.012021501,-0.005685212,1.49951011,-2.06E-05
2.401594877,5.126639164,-0.012311933,-0.005686137,1.499474714,-2.13E-05
2.403056145,5.126639164,-0.012311933,-0.005686137,1.499474714,-2.13E-05
2.441287756,5.177619767,-0.012602289,-0.00568703,1.499439548,-2.16E-05
2.44231534,5.177619767,-0.012602289,-0.00568703,1.499439548,-2.16E-05
2.477802515,5.22859917,-0.012892564,-0.005687913,1.499404108,-2.21E-05
2.478353262,5.22859917,-0.012892564,-0.005687913,1.499404108,-2.21E-05
2.514383316,5.27957736,-0.013182846,-0.005686723,1.499082528,0.000169793
2.514955282,5.27957736,-0.013182846,-0.005686723,1.499082528,0.000169793
2.550616026,5.330556061,-0.013472973,-0.005680206,1.499122612,0.000155132
2.55130887,5.330556061,-0.013472973,-0.005680206,1.499122612,0.000155132
2.584191799,5.381535372,-0.013762493,-0.005679666,1.499138516,-9.37E-05
2.585033178,5.381535372,-0.013762493,-0.005679666,1.499138516,-9.37E-05
2.619827271,5.432515194,-0.014051978,-0.005683434,1.499152871,-7.71E-05
2.620694876,5.432515194,-0.014051978,-0.005683434,1.499152871,-7.71E-05
2.656606674,5.483495508,-0.014341214,-0.005686239,1.499167436,-0.00012525
2.657563448,5.483495508,-0.014341214,-0.005686239,1.499167436,-0.00012525
2.691344261,5.534476323,-0.014630716,-0.005692226,1.499181798,-0.000173872
2.69268322,5.534476323,-0.014630716,-0.005692226,1.499181798,-0.000173872
2.728164673,5.58545762,-0.014920734,-0.005693902,1.499195773,9.76E-05
2.729122639,5.58545762,-0.014920734,-0.005693902,1.499195773,9.76E-05
2.764333725,5.636438292,-0.015210621,-0.005687159,1.499357225,0.000227907
2.766187906,5.636438292,-0.015210621,-0.005687159,1.499357225,0.000227907
2.804110527,5.687417747,-0.01549991,-0.005682928,1.499946612,-1.90E-05
2.804884672,5.687417747,-0.01549991,-0.005682928,1.499946612,-1.90E-05
2.8396492,5.738397702,-0.015788932,-0.005687248,1.500546217,-0.000201879
2.840850592,5.738397702,-0.015788932,-0.005687248,1.500546217,-0.000201879
2.877109766,5.78937822,-0.016078167,-0.005692197,1.501138136,-9.20E-05
2.877782583,5.78937822,-0.016078167,-0.005692197,1.501138136,-9.20E-05
2.911974669,5.840359258,-0.016367626,-0.005691655,1.501728756,5.76E-05
2.91269803,5.840359258,-0.016367626,-0.005691655,1.501728756,5.76E-05
2.948647022,5.891340818,-0.01665703,-0.005688281,1.502318003,6.16E-05
2.94935751,5.891340818,-0.01665703,-0.005688281,1.502318003,6.16E-05
2.986968994,5.942322923,-0.016946164,-0.00568662,1.502902185,-3.08E-05
2.988385677,5.942322923,-0.016946164,-0.00568662,1.502902185,-3.08E-05
3.023273945,5.99201478,-0.017228011,-0.005686475,1.465500717,1.58E-05
3.024021626,5.99201478,-0.017228011,-0.005686475,1.465500717,1.58E-05
3.060539722,6.040552292,-0.017503055,-0.005684351,1.432050746,1.56E-05
3.061382294,6.040552292,-0.017503055,-0.005684351,1.432050746,1.56E-05
3.094794989,6.08793551,-0.017771393,-0.005685041,1.398551106,-0.000110941
3.095520735,6.08793551,-0.017771393,-0.005685041,1.398551106,-0.000110941
3.129680395,6.134164481,-0.018033319,-0.005687855,1.36499403,-8.67E-05
3.131439924,6.134164481,-0.018033319,-0.005687855,1.36499403,-8.67E-05
3.164264441,6.179239249,-0.018288849,-0.005687436,1.331371839,3.23E-05
3.165973902,6.179239249,-0.018288849,-0.005687436,1.331371839,3.23E-05
3.202054262,6.223159873,-0.018537784,-0.005684787,1.297677388,2.93E-05
3.202621698,6.223159873,-0.018537784,-0.005684787,1.297677388,2.93E-05
3.236106396,6.265926429,-0.018780048,-0.005684008,1.263902205,-4.86E-05
3.236900091,6.265926429,-0.018780048,-0.005684008,1.263902205,-4.86E-05
3.269822359,6.30753898,-0.019015743,-0.005685124,1.23003868,-7.12E-05
3.271064997,6.30753898,-0.019015743,-0.005685124,1.23003868,-7.12E-05
3.303813219,6.347997598,-0.01924495,-0.005685955,1.196078752,-3.99E-05
3.30421114,6.347997598,-0.01924495,-0.005685955,1.196078752,-3.99E-05
3.337692022,6.38730235,-0.019467701,-0.005685629,1.162015966,-6.75E-06
3.338303089,6.38730235,-0.019467701,-0.005685629,1.162015966,-6.75E-06
3.371734858,6.425453306,-0.019683938,-0.005684626,1.1278448,2.36E-06
3.372783184,6.425453306,-0.019683938,-0.005684626,1.1278448,2.36E-06
3.407418728,6.462450534,-0.019893598,-0.005683893,1.093560614,-1.49E-05
3.408330917,6.462450534,-0.019893598,-0.005683893,1.093560614,-1.49E-05
3.441364288,6.498294085,-0.020096707,-0.005683983,1.059162151,-3.41E-05
3.441847801,6.498294085,-0.020096707,-0.005683983,1.059162151,-3.41E-05
3.475186348,6.532983992,-0.020293314,-0.005684396,1.024651687,-2.55E-05
3.475828171,6.532983992,-0.020293314,-0.005684396,1.024651687,-2.55E-05
3.509578466,6.566520256,-0.020483443,-0.005684219,0.990036376,2.73E-06
3.509993076,6.566520256,-0.020483443,-0.005684219,0.990036376,2.73E-06
3.545521259,6.598902837,-0.020667073,-0.005683387,0.955330951,1.73E-05
3.545924664,6.598902837,-0.020667073,-0.005683387,0.955330951,1.73E-05
3.580435514,6.630131633,-0.020844168,-0.005682616,0.920560043,1.09E-05
3.581345558,6.630131633,-0.020844168,-0.005682616,0.920560043,1.09E-05
3.612864733,6.660206456,-0.021014725,-0.005682297,0.885760861,5.01E-06
3.613354206,6.660206456,-0.021014725,-0.005682297,0.885760861,5.01E-06
3.646561861,6.689127,-0.021178771,-0.005682121,0.850988063,1.39E-05
3.647425175,6.689127,-0.021178771,-0.005682121,0.850988063,1.39E-05
3.680406094,6.716892865,-0.021336261,-0.00568167,0.816368179,2.83E-05
3.680842876,6.716892865,-0.021336261,-0.00568167,0.816368179,2.83E-05
3.714349508,6.743500814,-0.021487226,-0.00568318,0.782325272,-5.25E-05
3.714721918,6.743500814,-0.021487226,-0.00568318,0.782325272,-5.25E-05
3.748648405,6.768953682,-0.02163182,-0.005683606,0.748356694,6.09E-05
3.749178648,6.768953682,-0.02163182,-0.005683606,0.748356694,6.09E-05
3.783680677,6.793251713,-0.021769872,-0.005681107,0.714381384,8.58E-05
3.784180403,6.793251713,-0.021769872,-0.005681107,0.714381384,8.58E-05
3.81801033,6.816394883,-0.021901364,-0.005679929,0.680378926,1.74E-05
3.81938386,6.816394883,-0.021901364,-0.005679929,0.680378926,1.74E-05
3.852735758,6.838383091,-0.022026342,-0.005680299,0.646297443,6.94E-06
3.854570389,6.838383091,-0.022026342,-0.005680299,0.646297443,6.94E-06
3.887304544,6.85921711,-0.022144801,-0.005681567,0.612746707,-4.97E-05
3.888675213,6.85921711,-0.022144801,-0.005681567,0.612746707,-4.97E-05
3.920001268,6.878894617,-0.022256783,-0.005682717,0.578741574,2.39E-05
3.920589209,6.878894617,-0.022256783,-0.005682717,0.578741574,2.39E-05
3.95422411,6.897415866,-0.022362224,-0.005681223,0.544733293,6.58E-05
3.95469594,6.897415866,-0.022362224,-0.005681223,0.544733293,6.58E-05
3.989602566,6.914780856,-0.022461097,-0.005680255,0.510725276,1.23E-05
3.990199566,6.914780856,-0.022461097,-0.005680255,0.510725276,1.23E-05
4.023981333,6.93098959,-0.022553421,-0.005680637,0.476717194,1.29E-06
4.024766922,6.93098959,-0.022553421,-0.005680637,0.476717194,1.29E-06
4.05805397,6.946042066,-0.022639196,-0.005680402,0.44270901,3.32E-05
4.059640408,6.946042066,-0.022639196,-0.005680402,0.44270901,3.32E-05
4.093776703,6.959938285,-0.022718406,-0.005679589,0.408700908,3.13E-05
4.094697714,6.959938285,-0.022718406,-0.005679589,0.408700908,3.13E-05
4.130095482,6.972678252,-0.022791045,-0.005679286,0.374692894,1.45E-05
4.131146908,6.972678252,-0.022791045,-0.005679286,0.374692894,1.45E-05
4.164284468,6.984261966,-0.022857115,-0.005679183,0.340684915,2.05E-05
4.165323257,6.984261966,-0.022857115,-0.005679183,0.340684915,2.05E-05
4.196611404,6.994689429,-0.02291661,-0.005678745,0.306677002,2.86E-05
4.197076559,6.994689429,-0.02291661,-0.005678745,0.306677002,2.86E-05
4.231816053,7.003960641,-0.022969523,-0.005678285,0.27266918,2.28E-05
4.232820749,7.003960641,-0.022969523,-0.005678285,0.27266918,2.28E-05
4.265706778,7.012075606,-0.02301585,-0.005678028,0.238661373,1.90E-05
4.26660347,7.012075606,-0.02301585,-0.005678028,0.238661373,1.90E-05
4.30202508,7.019034323,-0.023055589,-0.005677748,0.204653582,2.23E-05
4.303504705,7.019034323,-0.023055589,-0.005677748,0.204653582,2.23E-05
4.338155508,7.024836795,-0.023088733,-0.005677378,0.170645823,2.29E-05
4.339707613,7.024836795,-0.023088733,-0.005677378,0.170645823,2.29E-05
4.37385273,7.029483022,-0.02311528,-0.005677065,0.136638097,2.03E-05
4.375442505,7.029483022,-0.02311528,-0.005677065,0.136638097,2.03E-05
4.409256697,7.032973007,-0.023135223,-0.005676808,0.102630397,2.03E-05
4.409837484,7.032973007,-0.023135223,-0.005676808,0.102630397,2.03E-05
4.443813562,7.035306749,-0.023148561,-0.005676526,0.068622729,2.15E-05
4.444678068,7.035306749,-0.023148561,-0.005676526,0.068622729,2.15E-05
4.47949338,7.036484251,-0.023155288,-0.005676238,0.034615099,2.10E-05
4.481289625,7.036484251,-0.023155288,-0.005676238,0.034615099,2.10E-05
4.515578985,7.036711937,-0.023155221,-0.007057139,0.006795169,-0.088762641
4.516638517,7.036711937,-0.023155221,-0.007057139,0.006795169,-0.088762641
4.550289869,7.036741861,-0.023149347,-0.012355202,0.000951688,-0.206190016
4.551241636,7.036741861,-0.023149347,-0.012355202,0.000951688,-0.206190016
4.587976933,7.036773556,-0.023141454,-0.019168104,0.000849239,-0.171520567
4.588913918,7.036773556,-0.023141454,-0.019168104,0.000849239,-0.171520567
4.622827768,7.036800001,-0.023136184,-0.023730879,0.000718345,-0.112932964
4.623650551,7.036800001,-0.023136184,-0.023730879,0.000718345,-0.112932964
4.661168814,7.03682458,-0.023131112,-0.028006104,0.000743374,-0.147235747
4.661833286,7.03682458,-0.023131112,-0.028006104,0.000743374,-0.147235747
4.694476604,7.036850534,-0.023124158,-0.033616794,0.000756151,-0.171417516
4.695177794,7.036850534,-0.023124158,-0.033616794,0.000756151,-0.171417516
4.730098248,7.036875109,-0.023117312,-0.039052331,0.000675708,-0.146063595
4.730701208,7.036875109,-0.023117312,-0.039052331,0.000675708,-0.146063595
4.764680386,7.036897175,-0.023111294,-0.04378318,0.000625674,-0.138893147
4.766513586,7.036897175,-0.023111294,-0.04378318,0.000625674,-0.138893147
4.800847769,7.036918579,-0.023104784,-0.048790802,0.000620284,-0.154937039
4.801998854,7.036918579,-0.023104784,-0.048790802,0.000620284,-0.154937039
4.836811543,7.036939494,-0.023097727,-0.054124582,0.000586549,-0.154914712
4.838378906,7.036939494,-0.023097727,-0.054124582,0.000586549,-0.154914712
4.87228179,7.036958829,-0.023090919,-0.059221039,0.000534904,-0.14591694
4.873218536,7.036958829,-0.023090919,-0.059221039,0.000534904,-0.14591694
4.906476736,7.036976766,-0.023084205,-0.064194563,0.000503681,-0.148201965
4.907695532,7.036976766,-0.023084205,-0.064194563,0.000503681,-0.148201965
4.941727638,7.036993873,-0.023077189,-0.069332436,0.000477348,-0.15267616
4.942313194,7.036993873,-0.023077189,-0.069332436,0.000477348,-0.15267616
4.979762316,7.037009905,-0.023070078,-0.074497808,0.00043831,-0.150264064
4.982203007,7.037009905,-0.023070078,-0.074497808,0.00043831,-0.150264064
5.020131826,7.038176317,-0.023151903,-0.079623764,0.034382017,-0.152245682
5.021037579,7.038176317,-0.023151903,-0.079623764,0.034382017,-0.152245682
5.058586359,7.040492502,-0.023334394,-0.084867864,0.068325431,-0.155204396
5.059486866,7.040492502,-0.023334394,-0.084867864,0.068325431,-0.155204396
5.092678308,7.043957175,-0.023629908,-0.090122911,0.102263101,-0.15333885
5.09340167,7.043957175,-0.023629908,-0.090122911,0.102263101,-0.15333885
5.12978816,7.04856908,-0.024050494,-0.095308342,0.136194254,-0.152141641
5.131963491,7.04856908,-0.024050494,-0.095308342,0.136194254,-0.152141641
5.165157557,7.054327103,-0.024607817,-0.10050454,0.170131623,-0.153478066
5.165972233,7.054327103,-0.024607817,-0.10050454,0.170131623,-0.153478066
5.209106445,7.061229926,-0.025313985,-0.105736187,0.204073029,-0.153799656
5.209719181,7.061229926,-0.025313985,-0.105736187,0.204073029,-0.153799656
5.242522478,7.06927605,-0.026181136,-0.110951968,0.238009922,-0.152959191
5.24297452,7.06927605,-0.026181136,-0.110951968,0.238009922,-0.152959191
5.276153326,7.078463965,-0.027221059,-0.116151012,0.271945752,-0.152982473
5.277019501,7.078463965,-0.027221059,-0.116151012,0.271945752,-0.152982473
5.309859514,7.088792094,-0.028445651,-0.121362351,0.305884492,-0.153443704
5.310237646,7.088792094,-0.028445651,-0.121362351,0.305884492,-0.153443704
5.343658447,7.100258707,-0.029866991,-0.126579321,0.339823312,-0.153317387
5.344168901,7.100258707,-0.029866991,-0.126579321,0.339823312,-0.153317387
5.378076077,7.112861986,-0.031497008,-0.131787456,0.373760698,-0.153094784
5.378447533,7.112861986,-0.031497008,-0.131787456,0.373760698,-0.153094784
5.412954569,7.126600051,-0.033347514,-0.136993994,0.407698477,-0.153216586
5.413943291,7.126600051,-0.033347514,-0.136993994,0.407698477,-0.153216586
5.447571039,7.141470918,-0.035430412,-0.142204779,0.441636851,-0.153287831
5.448823214,7.141470918,-0.035430412,-0.142204779,0.441636851,-0.153287831
5.482368946,7.157472491,-0.037757589,-0.147413746,0.475574538,-0.153164218
5.484421968,7.157472491,-0.037757589,-0.147413746,0.475574538,-0.153164218
5.519500494,7.174602601,-0.040340837,-0.152619086,0.509511866,-0.153127331
5.52078414,7.174602601,-0.040340837,-0.152619086,0.509511866,-0.153127331
5.553101301,7.192858988,-0.043191981,-0.157825547,0.543449828,-0.153215498
5.55372715,7.192858988,-0.043191981,-0.157825547,0.543449828,-0.153215498
5.587062597,7.212239288,-0.046322922,-0.163034305,0.577388384,-0.15325558
5.587514877,7.212239288,-0.046322922,-0.163034305,0.577388384,-0.15325558
5.620457649,7.23274104,-0.049745504,-0.168242667,0.611326701,-0.153215355
5.621464252,7.23274104,-0.049745504,-0.168242667,0.611326701,-0.153215355
5.655770302,7.254361699,-0.053471461,-0.173449084,0.645264435,-0.153158607
5.656384945,7.254361699,-0.053471461,-0.173449084,0.645264435,-0.153158607
5.690377951,7.277098633,-0.057512482,-0.178653985,0.679201893,-0.153137477
5.690818787,7.277098633,-0.057512482,-0.178653985,0.679201893,-0.153137477
5.724004745,7.300949118,-0.061880306,-0.183859565,0.713139886,-0.153200284
5.724582672,7.300949118,-0.061880306,-0.183859565,0.713139886,-0.153200284
5.757745028,7.32591032,-0.066586749,-0.189068029,0.747079191,-0.153279012
5.758948565,7.32591032,-0.066586749,-0.189068029,0.747079191,-0.153279012
5.792510986,7.35197932,-0.071643548,-0.194277071,0.781017451,-0.153220308
5.792922258,7.35197932,-0.071643548,-0.194277071,0.781017451,-0.153220308
5.825979233,7.379153111,-0.077062285,-0.199482629,0.814954864,-0.153110337
5.82640624,7.379153111,-0.077062285,-0.199482629,0.814954864,-0.153110337
5.861751556,7.407428614,-0.082854542,-0.204687882,0.848892901,-0.153206351
5.862221956,7.407428614,-0.082854542,-0.204687882,0.848892901,-0.153206351
5.895410538,7.436802585,-0.089032014,-0.209898858,0.882347987,-0.153521895
5.895853519,7.436802585,-0.089032014,-0.209898858,0.882347987,-0.153521895
5.92942524,7.467272178,-0.095606795,-0.215167282,0.916485679,-0.155431525
5.930089474,7.467272178,-0.095606795,-0.215167282,0.916485679,-0.155431525
5.965581894,7.498835532,-0.102592572,-0.220404679,0.950481165,-0.15284346
5.966891289,7.498835532,-0.102592572,-0.220404679,0.950481165,-0.15284346
5.998768568,7.531487,-0.109996243,-0.225585394,0.984821838,-0.152812799
5.999568224,7.531487,-0.109996243,-0.225585394,0.984821838,-0.152812799
6.032033682,7.565214082,-0.117815567,-0.230822488,1.021992816,-0.153881744
6.032532454,7.565214082,-0.117815567,-0.230822488,1.021992816,-0.153881744
6.065860271,7.600013864,-0.126069034,-0.236067765,1.06123463,-0.152222982
6.066427708,7.600013864,-0.126069034,-0.236067765,1.06123463,-0.152222982
6.101510525,7.635879198,-0.134782862,-0.241277241,1.102265804,-0.151007588
6.102592707,7.635879198,-0.134782862,-0.241277241,1.102265804,-0.151007588
6.136252403,7.672820886,-0.143962213,-0.246494007,1.142613706,-0.151080026
6.136940956,7.672820886,-0.143962213,-0.246494007,1.142613706,-0.151080026
6.169577837,7.710773364,-0.153564848,-0.251682328,1.178322083,-0.139865953
6.170311689,7.710773364,-0.153564848,-0.251682328,1.178322083,-0.139865953
6.204755783,7.748434816,-0.162444578,-0.255245316,1.187227791,-0.099976197
6.206029415,7.748434816,-0.162444578,-0.255245316,1.187227791,-0.099976197
6.239658594,7.786243432,-0.170751461,-0.259181701,1.22101514,-0.123238524
6.240632296,7.786243432,-0.170751461,-0.259181701,1.22101514,-0.123238524
6.27260828,7.825045821,-0.179451898,-0.263760153,1.255121402,-0.137911052
6.273116112,7.825045821,-0.179451898,-0.263760153,1.255121402,-0.137911052
6.30608654,7.864870801,-0.188618356,-0.268739021,1.286813695,-0.145745945
6.306629181,7.864870801,-0.188618356,-0.268739021,1.286813695,-0.145745945
6.338754177,7.905725107,-0.198725839,-0.273632782,1.323408102,-0.140622388
6.339349508,7.905725107,-0.198725839,-0.273632782,1.323408102,-0.140622388
6.372614622,7.947321234,-0.208878751,-0.278540343,1.361142203,-0.144741953
6.373152971,7.947321234,-0.208878751,-0.278540343,1.361142203,-0.144741953
6.407071829,7.989719983,-0.219590789,-0.284346864,1.400458478,-0.182896583
6.408022165,7.989719983,-0.219590789,-0.284346864,1.400458478,-0.182896583
6.441405296,8.032452718,-0.230144579,-0.291237984,1.397416736,-0.207194509
6.442013025,8.032452718,-0.230144579,-0.291237984,1.397416736,-0.207194509
6.475199461,8.075708935,-0.241244948,-0.298958636,1.43472507,-0.22361357
6.475846052,8.075708935,-0.241244948,-0.298958636,1.43472507,-0.22361357
6.509530306,8.119585026,-0.252580285,-0.306256562,1.50440536,-0.191380468
6.51020503,8.119585026,-0.252580285,-0.306256562,1.50440536,-0.191380468
6.543267727,8.163907923,-0.264157211,-0.312806636,1.472504528,-0.183812175
6.543754101,8.163907923,-0.264157211,-0.312806636,1.472504528,-0.183812175
6.577403545,8.207673831,-0.276025161,-0.318951063,1.511046418,-0.162048384
6.578042984,8.207673831,-0.276025161,-0.318951063,1.511046418,-0.162048384
6.611279488,8.250457797,-0.287063898,-0.324641369,1.407972527,-0.161474357
6.611694098,8.250457797,-0.287063898,-0.324641369,1.407972527,-0.161474357
6.645632505,8.292800831,-0.298687956,-0.33103987,1.488322551,-0.20057068
6.646636724,8.292800831,-0.298687956,-0.33103987,1.488322551,-0.20057068
6.679847002,8.334647502,-0.310143493,-0.338538885,1.430693903,-0.227215609
6.680551052,8.334647502,-0.310143493,-0.338538885,1.430693903,-0.227215609
6.713526249,8.376023621,-0.321704193,-0.347169867,1.482805102,-0.266703525
6.714099884,8.376023621,-0.321704193,-0.347169867,1.482805102,-0.266703525
6.747644186,8.41744379,-0.333875796,-0.356735959,1.402338621,-0.275401734
6.748311758,8.41744379,-0.333875796,-0.356735959,1.402338621,-0.275401734
6.782161713,8.459389631,-0.346759618,-0.365616133,1.537866662,-0.237907871
6.782863855,8.459389631,-0.346759618,-0.365616133,1.537866662,-0.237907871
6.816429377,8.501953834,-0.360339338,-0.373826331,1.4483245,-0.232430447
6.816910028,8.501953834,-0.360339338,-0.373826331,1.4483245,-0.232430447
6.850043058,8.544382288,-0.374942293,-0.38147136,1.50376995,-0.20865481
6.850557327,8.544382288,-0.374942293,-0.38147136,1.50376995,-0.20865481
6.884250879,8.586374307,-0.3889024,-0.388566377,1.467427732,-0.208276972
6.884966373,8.586374307,-0.3889024,-0.388566377,1.467427732,-0.208276972
6.918381691,8.628465657,-0.404217523,-0.396236062,1.476802534,-0.233599524
6.919275999,8.628465657,-0.404217523,-0.396236062,1.476802534,-0.233599524
6.953145981,8.670163964,-0.419605455,-0.404839766,1.500849941,-0.264494168
6.953916073,8.670163964,-0.419605455,-0.404839766,1.500849941,-0.264494168
6.986918449,8.711965032,-0.435712584,-0.414402966,1.453701928,-0.285337356
6.987628698,8.711965032,-0.435712584,-0.414402966,1.453701928,-0.285337356
7.021073818,8.754022326,-0.452710489,-0.424632775,1.503733965,-0.285073044
7.02172184,8.754022326,-0.452710489,-0.424632775,1.503733965,-0.285073044
7.055609465,8.797295109,-0.471002351,-0.433639267,1.537697326,-0.226252422
7.056216717,8.797295109,-0.471002351,-0.433639267,1.537697326,-0.226252422
7.089746237,8.840657653,-0.490179131,-0.441072228,1.517530901,-0.210217272
7.090308428,8.840657653,-0.490179131,-0.441072228,1.517530901,-0.210217272
7.123228788,8.883790605,-0.508998861,-0.448150462,1.506307798,-0.198548538
7.124099493,8.883790605,-0.508998861,-0.448150462,1.506307798,-0.198548538
7.157455444,8.926915351,-0.528890478,-0.454743778,1.507378141,-0.196131752
7.15819478,8.926915351,-0.528890478,-0.454743778,1.507378141,-0.196131752
7.19170928,8.970630261,-0.550271984,-0.461992792,1.516480403,-0.219009803
7.192676544,8.970630261,-0.550271984,-0.461992792,1.516480403,-0.219009803
7.225959063,9.014092498,-0.571669384,-0.469296888,1.513509254,-0.199106152
7.226923704,9.014092498,-0.571669384,-0.469296888,1.513509254,-0.199106152
7.260764122,9.057560745,-0.593342885,-0.475299466,1.500428742,-0.145650409
7.261460543,9.057560745,-0.593342885,-0.475299466,1.500428742,-0.145650409
7.299207926,9.102105235,-0.616592411,-0.479865338,1.530685701,-0.114385965
7.300488949,9.102105235,-0.616592411,-0.479865338,1.530685701,-0.114385965
7.338196993,9.147243273,-0.64021216,-0.48191096,1.534659274,0.005466403
7.339341402,9.147243273,-0.64021216,-0.48191096,1.534659274,0.005466403
7.375952959,9.192483744,-0.663792339,-0.480409721,1.528756313,0.051723866
7.377255678,9.192483744,-0.663792339,-0.480409721,1.528756313,0.051723866
7.411203861,9.237758712,-0.687345503,-0.480221135,1.526895625,-0.030877125
7.412142277,9.237758712,-0.687345503,-0.480221135,1.526895625,-0.030877125
7.451102972,9.282979946,-0.710960527,-0.481502054,1.522303348,-0.029474471
7.452218056,9.282979946,-0.710960527,-0.481502054,1.522303348,-0.029474471
7.487071037,9.328203767,-0.734626158,-0.481913584,1.518819131,0.007757246
7.487917423,9.328203767,-0.734626158,-0.481913584,1.518819131,0.007757246
7.525130749,9.373450525,-0.758297103,-0.48144018,1.512661331,0.0133583
7.526330471,9.373450525,-0.758297103,-0.48144018,1.512661331,0.0133583
7.559954405,9.418714331,-0.781956227,-0.481386787,1.505684403,-0.007282345
7.561125278,9.418714331,-0.781956227,-0.481386787,1.505684403,-0.007282345
7.595886707,9.46396438,-0.805612716,-0.481692616,1.502046908,-0.005691071
7.59671092,9.46396438,-0.805612716,-0.481692616,1.502046908,-0.005691071
7.634726286,9.509202031,-0.829267303,-0.481671463,1.500971249,0.005014166
7.635553598,9.509202031,-0.829267303,-0.481671463,1.500971249,0.005014166
7.673174143,9.554439143,-0.852911504,-0.481533043,1.500959938,0.00110327
7.675061941,9.554439143,-0.852911504,-0.481533043,1.500959938,0.00110327
7.709969282,9.599677662,-0.876553783,-0.481606283,1.500978388,-0.003916232
7.710979223,9.599677662,-0.876553783,-0.481606283,1.500978388,-0.003916232
7.744900703,9.644913854,-0.900200475,-0.481677046,1.501277878,0.000414473
7.745890379,9.644913854,-0.900200475,-0.481677046,1.501277878,0.000414473
7.780040264,9.690148982,-0.923845945,-0.481616071,1.501228721,0.001788169
7.780655861,9.690148982,-0.923845945,-0.481616071,1.501228721,0.001788169
7.815809965,9.735384308,-0.947488497,-0.481605782,1.501195955,-0.001198683
7.816854954,9.735384308,-0.947488497,-0.481605782,1.501195955,-0.001198683
7.852752924,9.780618078,-0.971131662,-0.481654749,1.501168071,-0.001155901
7.853941679,9.780618078,-0.971131662,-0.481654749,1.501168071,-0.001155901
7.887574673,9.82585001,-0.994775616,-0.481657715,1.501129762,0.000543695
7.888285398,9.82585001,-0.994775616,-0.481657715,1.501129762,0.000543695
7.926734447,9.871081288,-1.018418259,-0.481636672,1.501092046,0.000132119
7.927595139,9.871081288,-1.018418259,-0.481636672,1.501092046,0.000132119
7.962239504,9.916311662,-1.042060084,-0.481645185,1.501059384,-0.000678288
7.962792158,9.916311662,-1.042060084,-0.481645185,1.501059384,-0.000678288
7.997443438,9.96154068,-1.065702021,-0.481657253,1.501026098,-0.000198367
7.998221874,9.96154068,-1.065702021,-0.481657253,1.501026098,-0.000198367
8.037834644,10.00676846,-1.089343671,-0.481649839,1.500989181,0.000163934
8.038621426,10.00676846,-1.089343671,-0.481649839,1.500989181,0.000163934
8.073096514,10.0519954,-1.112984447,-0.481643392,1.500954698,-0.000158222
8.074618816,10.0519954,-1.112984447,-0.481643392,1.500954698,-0.000158222
8.10909462,10.09722116,-1.136624878,-0.481645879,1.500920536,-0.000251804
8.109840631,10.09722116,-1.136624878,-0.481645879,1.500920536,-0.000251804
8.143558502,10.14244581,-1.160264948,-0.481643881,1.500886284,-1.30E-05
8.144186258,10.14244581,-1.160264948,-0.481643881,1.500886284,-1.30E-05
8.178449392,10.18766933,-1.183904568,-0.481636648,1.500850483,7.61E-07
8.179235697,10.18766933,-1.183904568,-0.481636648,1.500850483,7.61E-07
8.213913202,10.23289191,-1.207543516,-0.481631966,1.500816685,-0.000105982
8.2145257,10.23289191,-1.207543516,-0.481631966,1.500816685,-0.000105982
8.251997948,10.27811329,-1.231182145,-0.481628528,1.500781614,-6.86E-05
8.252708673,10.27811329,-1.231182145,-0.481628528,1.500781614,-6.86E-05
8.290151834,10.32333344,-1.254820652,-0.48162243,1.500747155,9.01E-06
8.290776253,10.32333344,-1.254820652,-0.48162243,1.500747155,9.01E-06
8.328830481,10.36855269,-1.278458285,-0.481615605,1.500711719,-1.78E-05
8.329538107,10.36855269,-1.278458285,-0.481615605,1.500711719,-1.78E-05
8.369148493,10.41377098,-1.302095268,-0.481609883,1.50067811,-3.18E-05
8.370932817,10.41377098,-1.302095268,-0.481609883,1.50067811,-3.18E-05
8.405025244,10.4589881,-1.325731901,-0.481603901,1.500642471,-3.85E-06
8.405770063,10.4589881,-1.325731901,-0.481603901,1.500642471,-3.85E-06
8.4467237,10.50420426,-1.349367867,-0.481597115,1.50060885,1.50E-05
8.447256327,10.50420426,-1.349367867,-0.481597115,1.50060885,1.50E-05
8.487597704,10.54941927,-1.373003446,-0.481590581,1.500573266,8.74E-08
8.488908768,10.54941927,-1.373003446,-0.481590581,1.500573266,8.74E-08
8.523544312,10.59463334,-1.396638341,-0.481584475,1.500539654,7.82E-06
8.524221659,10.59463334,-1.396638341,-0.481584475,1.500539654,7.82E-06
8.561848402,10.63984624,-1.420272872,-0.481578265,1.500504013,1.65E-05
8.562480688,10.63984624,-1.420272872,-0.481578265,1.500504013,1.65E-05
8.601976633,10.68505821,-1.443906689,-0.481572134,1.500470399,2.11E-05
8.602632523,10.68505821,-1.443906689,-0.481572134,1.500470399,2.11E-05
8.64191556,10.73026903,-1.467540135,-0.481566393,1.500434722,1.45E-05
8.642545462,10.73026903,-1.467540135,-0.481566393,1.500434722,1.45E-05
8.679953575,10.77547891,-1.491172857,-0.481561007,1.500401208,2.18E-05
8.680560112,10.77547891,-1.491172857,-0.481561007,1.500401208,2.18E-05
8.714960575,10.82068765,-1.514805212,-0.481555826,1.500365387,2.08E-05
8.715549707,10.82068765,-1.514805212,-0.481555826,1.500365387,2.08E-05
8.752091885,10.86589545,-1.538436822,-0.481551054,1.500331894,2.26E-05
8.75278163,10.86589545,-1.538436822,-0.481551054,1.500331894,2.26E-05
8.786151409,10.91110211,-1.562068065,-0.481546695,1.500296083,1.79E-05
8.78727746,10.91110211,-1.562068065,-0.481546695,1.500296083,1.79E-05
8.821382523,10.95630784,-1.585698553,-0.481542781,1.500262536,2.16E-05
8.82194376,10.95630784,-1.585698553,-0.481542781,1.500262536,2.16E-05
8.857607365,11.00151242,-1.609328673,-0.481539228,1.500226738,1.70E-05
8.858295202,11.00151242,-1.609328673,-0.481539228,1.500226738,1.70E-05
8.892579556,11.04671608,-1.632958026,-0.48153619,1.500193257,1.78E-05
8.89315629,11.04671608,-1.632958026,-0.48153619,1.500193257,1.78E-05
8.926317692,11.0919186,-1.656587009,-0.48153356,1.500157369,1.30E-05
8.926795721,11.0919186,-1.656587009,-0.48153356,1.500157369,1.30E-05
8.960184813,11.1371202,-1.680215218,-0.481531431,1.500123826,1.40E-05
8.960712671,11.1371202,-1.680215218,-0.481531431,1.500123826,1.40E-05
8.997543812,11.18232066,-1.703843053,-0.481529687,1.500087997,8.76E-06
8.999386072,11.18232066,-1.703843053,-0.481529687,1.500087997,8.76E-06
9.031546831,11.2275202,-1.727470109,-0.481528459,1.500054448,8.59E-06
9.032154799,11.2275202,-1.727470109,-0.481528459,1.500054448,8.59E-06
9.06738925,11.27271861,-1.751096785,-0.481527596,1.500018609,3.75E-06
9.068387508,11.27271861,-1.751096785,-0.481527596,1.500018609,3.75E-06
9.105511427,11.31791609,-1.774722679,-0.481527216,1.499985083,3.30E-06
9.107732058,11.31791609,-1.774722679,-0.481527216,1.499985083,3.30E-06
9.141603231,11.36311244,-1.798348187,-0.481527165,1.499949228,-1.47E-06
9.142203569,11.36311244,-1.798348187,-0.481527165,1.499949228,-1.47E-06
9.176185846,11.40830787,-1.821972911,-0.48152757,1.499915656,-2.35E-06
9.177979231,11.40830787,-1.821972911,-0.48152757,1.499915656,-2.35E-06
9.211132288,11.45350218,-1.84559724,-0.481528254,1.499879895,-6.55E-06
9.211676598,11.45350218,-1.84559724,-0.481528254,1.499879895,-6.55E-06
9.249488354,11.49869556,-1.869220787,-0.481529349,1.499846327,-7.69E-06
9.250058889,11.49869556,-1.869220787,-0.481529349,1.499846327,-7.69E-06
9.286090851,11.54388784,-1.892843928,-0.48153067,1.499810513,-1.14E-05
9.286828041,11.54388784,-1.892843928,-0.48153067,1.499810513,-1.14E-05
9.32249999,11.58907917,-1.916466291,-0.481532352,1.499776898,-1.27E-05
9.323127985,11.58907917,-1.916466291,-0.481532352,1.499776898,-1.27E-05
9.35807395,11.63426941,-1.940088235,-0.4815342,1.499741245,-1.56E-05
9.359147787,11.63426941,-1.940088235,-0.4815342,1.499741245,-1.56E-05
9.394456148,11.67945871,-1.963709405,-0.481536353,1.49970753,-1.71E-05
9.394986868,11.67945871,-1.963709405,-0.481536353,1.49970753,-1.71E-05
9.432592154,11.72464692,-1.987330142,-0.481538614,1.499671966,-1.93E-05
9.43458724,11.72464692,-1.987330142,-0.481538614,1.499671966,-1.93E-05
9.469180346,11.76983418,-2.010950113,-0.481541122,1.499638157,-2.07E-05
9.47089839,11.76983418,-2.010950113,-0.481541122,1.499638157,-2.07E-05
9.506216526,11.81502037,-2.034569633,-0.481543677,1.499602654,-2.21E-05
9.506726027,11.81502037,-2.034569633,-0.481543677,1.499602654,-2.21E-05
9.554313183,11.86020561,-2.058188396,-0.481546424,1.499568835,-2.36E-05
9.555069685,11.86020561,-2.058188396,-0.481546424,1.499568835,-2.36E-05
9.593575478,11.90538978,-2.08180669,-0.481549161,1.499533459,-2.41E-05
9.594136,11.90538978,-2.08180669,-0.481549161,1.499533459,-2.41E-05
9.633377552,11.95057299,-2.105424236,-0.481552033,1.499499478,-2.56E-05
9.63514328,11.95057299,-2.105424236,-0.481552033,1.499499478,-2.56E-05
9.668027878,11.99575515,-2.129041292,-0.481554844,1.499464234,-2.53E-05
9.66858983,11.99575515,-2.129041292,-0.481554844,1.499464234,-2.53E-05
9.702194691,12.04093635,-2.152657613,-0.481557739,1.499430173,-2.68E-05
9.702831268,12.04093635,-2.152657613,-0.481557739,1.499430173,-2.68E-05
9.739481926,12.0861165,-2.176273419,-0.481560527,1.49939497,-2.56E-05
9.740736485,12.0861165,-2.176273419,-0.481560527,1.49939497,-2.56E-05
9.77985692,12.13129569,-2.199888504,-0.481563351,1.499360852,-2.71E-05
9.780639172,12.13129569,-2.199888504,-0.481563351,1.499360852,-2.71E-05
9.815049887,12.17647385,-2.22350305,-0.48156603,1.49932577,-2.51E-05
9.815886736,12.17647385,-2.22350305,-0.48156603,1.49932577,-2.51E-05
9.851008654,12.22165102,-2.247116888,-0.481568703,1.499291555,-2.66E-05
9.851738453,12.22165102,-2.247116888,-0.481568703,1.499291555,-2.66E-05
9.889294863,12.26682719,-2.27073016,-0.481571201,1.499256595,-2.38E-05
9.890632868,12.26682719,-2.27073016,-0.481571201,1.499256595,-2.38E-05
9.926476002,12.31200237,-2.294342738,-0.481573657,1.499222188,-2.53E-05
9.927236557,12.31200237,-2.294342738,-0.481573657,1.499222188,-2.53E-05
9.964038134,12.35717655,-2.317954723,-0.481575916,1.499187423,-2.19E-05
9.964812756,12.35717655,-2.317954723,-0.481575916,1.499187423,-2.19E-05
10.00035262,12.40132468,-2.341029379,-0.481521473,1.465114903,0.003649216
10.00104213,12.40132468,-2.341029379,-0.481521473,1.465114903,0.003649216
10.03611493,12.44445054,-2.363563363,-0.48136415,1.431105338,0.004709883
10.0368247,12.44445054,-2.363563363,-0.48136415,1.431105338,0.004709883
10.07430816,12.48655499,-2.385555507,-0.481246601,1.397101741,0.002378783
10.07496905,12.48655499,-2.385555507,-0.481246601,1.397101741,0.002378783
10.10996819,12.52763668,-2.407008533,-0.481176248,1.363094991,0.002387253
10.11064219,12.52763668,-2.407008533,-0.481176248,1.363094991,0.002387253
10.14471149,12.56769512,-2.427922959,-0.481071224,1.329084086,0.003692089
10.14535165,12.56769512,-2.427922959,-0.481071224,1.329084086,0.003692089
10.18000984,12.60673116,-2.448297287,-0.480948309,1.295077947,0.003360541
10.18064761,12.60673116,-2.448297287,-0.480948309,1.295077947,0.003360541
10.21558475,12.64474439,-2.468132407,-0.480849076,1.261070587,0.002713328
10.2163682,12.64474439,-2.468132407,-0.480849076,1.261070587,0.002713328
10.24963069,12.68173449,-2.487428865,-0.480753641,1.227062885,0.003068115
10.25024939,12.68173449,-2.487428865,-0.480753641,1.227062885,0.003068115
10.28541946,12.71770138,-2.506186774,-0.480643579,1.193054481,0.003345131
10.28644776,12.71770138,-2.506186774,-0.480643579,1.193054481,0.003345131
10.32256818,12.75264509,-2.524406059,-0.480534955,1.159046505,0.003074712
10.32379699,12.75264509,-2.524406059,-0.480534955,1.159046505,0.003074712
10.35916185,12.78656552,-2.542086996,-0.480433924,1.125039564,0.002994621
10.35979342,12.78656552,-2.542086996,-0.480433924,1.125039564,0.002994621
10.39450383,12.81946233,-2.559230187,-0.480329858,1.091030764,0.003167267
10.39537072,12.81946233,-2.559230187,-0.480329858,1.091030764,0.003167267
10.42850184,12.85133557,-2.575835473,-0.480222204,1.057022626,0.003169249
10.42908049,12.85133557,-2.575835473,-0.480222204,1.057022626,0.003169249
10.46415496,12.88218518,-2.591903062,-0.480116916,1.023015311,0.003077453
10.46472788,12.88218518,-2.591903062,-0.480116916,1.023015311,0.003077453
10.49993682,12.91201086,-2.60743348,-0.480012831,0.989006586,0.003099267
10.50076246,12.91201086,-2.60743348,-0.480012831,0.989006586,0.003099267
10.53742504,12.94081259,-2.622426707,-0.479907044,0.954998166,0.003146678
10.53828192,12.94081259,-2.622426707,-0.479907044,0.954998166,0.003146678
10.57307768,12.96859109,-2.636883726,-0.479787494,0.921578309,0.00424948
10.57422996,12.96859109,-2.636883726,-0.479787494,0.921578309,0.00424948
10.60740495,12.99534721,-2.650803658,-0.479651649,0.887536261,0.003533857
10.60855722,12.99534721,-2.650803658,-0.479651649,0.887536261,0.003533857
10.64278269,13.02108095,-2.664187914,-0.479554409,0.853563939,0.002624095
10.64386201,13.02108095,-2.664187914,-0.479554409,0.853563939,0.002624095
10.67803836,13.04579192,-2.677037221,-0.479458954,0.819602366,0.003260467
10.67904449,13.04579192,-2.677037221,-0.479458954,0.819602366,0.003260467
10.71855283,13.06948013,-2.689351487,-0.479341414,0.785645438,0.003608339
10.7197485,13.06948013,-2.689351487,-0.479341414,0.785645438,0.003608339
10.7555151,13.09214766,-2.701133306,-0.479225893,0.751254787,0.003303644
10.75638056,13.09214766,-2.701133306,-0.479225893,0.751254787,0.003303644
10.79027295,13.11379513,-2.712386751,-0.47911701,0.715883243,0.002969985
10.79084706,13.11379513,-2.712386751,-0.47911701,0.715883243,0.002969985
10.82556415,13.13442095,-2.723108554,-0.479010532,0.680193557,0.002902785
10.82660508,13.13442095,-2.723108554,-0.479010532,0.680193557,0.002902785
10.859972,13.15402462,-2.733293559,-0.47890065,0.644911689,0.002876785
10.86067271,13.15402462,-2.733293559,-0.47890065,0.644911689,0.002876785
10.89482284,13.17260564,-2.742943868,-0.478790474,0.609717808,0.002727462
10.89596391,13.17260564,-2.742943868,-0.478790474,0.609717808,0.002727462
10.93146753,13.19016365,-2.752060605,-0.478682426,0.574666079,0.002610797
10.93210649,13.19016365,-2.752060605,-0.478682426,0.574666079,0.002610797
10.9665339,13.20669831,-2.760642669,-0.478574044,0.539826441,0.002581971
10.96740985,13.20669831,-2.760642669,-0.478574044,0.539826441,0.002581971
11.00186276,13.22220931,-2.768690601,-0.478464772,0.505155531,0.002537429
11.00246143,13.22220931,-2.768690601,-0.478464772,0.505155531,0.002537429
11.03770161,13.23669638,-2.776205127,-0.478355878,0.470675571,0.002475031
11.03834462,13.23669638,-2.776205127,-0.478355878,0.470675571,0.002475031
11.07159781,13.25015923,-2.783186429,-0.478247483,0.436387932,0.002443575
11.07216954,13.25015923,-2.783186429,-0.478247483,0.436387932,0.002443575
11.10704994,13.26259763,-2.789634357,-0.478138848,0.402319637,0.002433717
11.10883045,13.26259763,-2.789634357,-0.478138848,0.402319637,0.002433717
11.14186311,13.2740114,-2.795548883,-0.478029916,0.368479852,0.002415151
11.1427989,13.2740114,-2.795548883,-0.478029916,0.368479852,0.002415151
11.18020034,13.28440038,-2.800931552,-0.477921681,0.334728229,0.002418026
11.18078256,13.28440038,-2.800931552,-0.477921681,0.334728229,0.002418026
11.21392441,13.2937644,-2.805780326,-0.477813046,0.3011003,0.00245224
11.21453595,13.2937644,-2.805780326,-0.477813046,0.3011003,0.00245224
11.2515049,13.3021033,-2.810097612,-0.477704398,0.267668034,0.002477207
11.25234199,13.3021033,-2.810097612,-0.477704398,0.267668034,0.002477207
11.28595257,13.30941694,-2.813880754,-0.477595882,0.234427684,0.002521914
11.28707838,13.30941694,-2.813880754,-0.477595882,0.234427684,0.002521914
11.32322788,13.31570503,-2.817127424,-0.477487384,0.201720133,0.002580431
11.32381964,13.31570503,-2.817127424,-0.477487384,0.201720133,0.002580431
11.35799384,13.32096741,-2.819843477,-0.477378782,0.168989205,0.002653309
11.35937858,13.32096741,-2.819843477,-0.477378782,0.168989205,0.002653309
11.39396262,13.32520401,-2.822029311,-0.477270198,0.136207564,0.002737347
11.3945787,13.32520401,-2.822029311,-0.477270198,0.136207564,0.002737347
11.42815137,13.32841478,-2.823685181,-0.477161665,0.10336314,0.002838289
11.42877173,13.32841478,-2.823685181,-0.477161665,0.10336314,0.002838289
11.46236563,13.33059966,-2.824811264,-0.477053085,0.070452147,0.002956166
11.46340013,13.33059966,-2.824811264,-0.477053085,0.070452147,0.002956166
11.49635768,13.33175857,-2.825407702,-0.476944445,0.03748085,0.003087259
11.49719763,13.33175857,-2.825407702,-0.476944445,0.03748085,0.003087259
11.5405457,13.33189132,-2.82547459,-0.47683578,0.004473535,0.003231857
11.54138684,13.33189132,-2.82547459,-0.47683578,0.004473535,0.003231857
